---
layout: atom
title: nil
---
{% for post in page.posts %}
	<item>
	  <title>{{ post.title }}</title>
	  <link>{{ site.url }}{{ site.baseurl }}{{ post.url | remove_first: '/' }}</link>
		{% for author in site.data.authors %}
				{% if author[1].username == post.author %}
						<author>{{ author[1].name }}</author>
				{% endif %}
		{% endfor %}
	  <pubDate>{{ post.date | date_to_xmlschema }}</pubDate>
	  <guid>{{ site.url }}{{ site.baseurl }}{{ post.url | remove_first: '/' }}</guid>
	  <description><![CDATA[
	     {{ post.content | expand_urls : site.url }}
	  ]]></description>
	</item>
{% endfor %}
