﻿<?xml version="1.0" encoding="utf-8"?>
<plays>
<play status="1" sort="1001" from="youku" show="优酷视频" des="youku.com"><tip><![CDATA[无需安装任何插件]]></tip></play>
<play status="1" sort="1002" from="qq" show="腾讯视频" des="v.qq.com"><tip><![CDATA[无需安装任何插件]]></tip></play>
<play status="1" sort="1003" from="sohu" show="搜狐视频" des="v.sohu.com"><tip><![CDATA[无需安装任何插件]]></tip></play>
<play status="1" sort="1004" from="qiyi" show="奇艺视频" des="qiyi.com"><tip><![CDATA[无需安装任何插件]]></tip></play>
<play status="1" sort="1005" from="letv" show="乐视视频" des="letv.com"><tip><![CDATA[无需安装任何插件]]></tip></play>
<play status="1" sort="1006" from="pptv" show="pptv" des="pptv.com"><tip><![CDATA[无需安装任何插件]]></tip></play>
<play status="1" sort="1007" from="27pan" show="27盘" des="www.27pan.com"><tip><![CDATA[无需安装任何插件]]></tip></play>
<play status="1" sort="1008" from="mgtv" show="芒果视频" des="www.mgtv.com"><tip><![CDATA[	无需安装任何插件]]></tip></play>
</plays>
